first_name,last_name,email,ip_address,company,web_address,phone_number,candy_one,candy_two,candy_three,date
Ruth,Bowman,rbowman0@creativecommons.org,207.93.47.58,Brainbox,https://cpanel.net,63-(667)599-2046,twizzler,snickers,skittles,2016-08-21T20:21:09Z
Michael,Sanders,msanders1@istockphoto.com,68.135.139.231,Lazzy,https://wired.com,212-(630)422-1087,gum,snickers,skittles,2016-02-19T20:12:34Z
Roger,Crawford,rcrawford2@icio.us,81.63.47.65,Photobug,http://geocities.jp,7-(705)521-8057,gum,1000 grand,skittles,2016-02-28T08:02:48Z
Martin,Howard,mhoward3@imgur.com,25.92.74.13,Rooxo,https://springer.com,56-(405)712-6797,sour patch,snickers,kit kat,2016-03-17T02:42:37Z
Justin,Stewart,jstewart4@freewebs.com,33.105.170.73,Tazz,http://imdb.com,86-(838)234-8777,gum,1000 grand,kit kat,2016-10-21T06:02:50Z
Virginia,Jordan,vjordan5@foxnews.com,225.86.164.183,Mita,http://comsenz.com,351-(556)197-6220,gum,snickers,twix,2016-10-15T09:25:33Z
Eric,Griffin,egriffin6@answers.com,164.83.236.164,Dabshots,http://squidoo.com,86-(306)472-2217,sour patch,snickers,kit kat,2016-04-12T03:02:32Z
Kathy,Fernandez,kfernandez7@engadget.com,231.226.176.196,Leexo,https://time.com,86-(105)553-0998,gum,snickers,skittles,2016-02-13T17:08:41Z
Bobby,Ryan,bryan8@telegraph.co.uk,100.59.184.107,Skiba,http://google.de,420-(784)662-3527,sour patch,snickers,twix,2016-09-01T12:07:35Z
Betty,Mendoza,bmendoza9@blog.com,130.132.158.66,Skyndu,http://huffingtonpost.com,48-(130)866-5755,gum,1000 grand,twix,2016-10-07T04:35:22Z
Clarence,Fisher,cfishera@mozilla.com,139.47.242.157,Roodel,http://dot.gov,33-(858)916-0685,hard candy,milky way,twix,2016-02-25T12:43:05Z
Lisa,Smith,lsmithb@blogtalkradio.com,38.207.252.232,Mybuzz,https://scientificamerican.com,86-(882)508-6576,sour patch,snickers,kit kat,2016-11-24T06:53:26Z
Antonio,Lynch,alynchc@wunderground.com,179.219.54.221,Zoombox,https://zimbio.com,62-(958)557-5643,twizzler,snickers,twix,2016-03-27T08:58:03Z
Kathryn,Berry,kberryd@mtv.com,113.206.110.16,Yodoo,https://narod.ru,62-(930)942-8628,gum,milky way,kit kat,2016-07-06T13:47:43Z
Nancy,Johnston,njohnstone@slate.com,177.208.167.145,Pixonyx,http://homestead.com,33-(586)721-0864,gum,snickers,twix,2016-04-23T09:29:50Z
Catherine,Johnston,cjohnstonf@sun.com,213.225.103.88,Oloo,http://com.com,57-(477)815-9656,sour patch,1000 grand,twix,2016-09-21T11:42:27Z
Adam,Hawkins,ahawkinsg@livejournal.com,228.1.22.165,Meevee,http://cnbc.com,63-(163)794-1238,twizzler,snickers,twix,2016-06-10T12:57:07Z
Virginia,Murray,vmurrayh@admin.ch,38.2.36.66,Yacero,https://yelp.com,62-(214)111-9535,sour patch,snickers,skittles,2016-10-02T22:05:44Z
Amanda,Patterson,apattersoni@house.gov,52.11.208.174,Zava,http://howstuffworks.com,352-(163)544-7004,twizzler,1000 grand,skittles,2015-12-21T07:08:39Z
Jerry,Henderson,jhendersonj@ow.ly,174.56.158.175,Skipstorm,https://jigsy.com,66-(934)468-8030,gum,1000 grand,skittles,2016-02-08T18:50:57Z
Kelly,Fowler,kfowlerk@vkontakte.ru,5.164.240.94,Vipe,https://google.com,46-(715)995-7733,twizzler,1000 grand,kit kat,2016-04-24T07:47:36Z
Norma,Garcia,ngarcial@alibaba.com,198.136.165.54,Cogibox,https://intel.com,62-(200)277-3853,gum,1000 grand,skittles,2016-08-28T07:03:58Z
Patricia,Boyd,pboydm@wunderground.com,248.65.134.184,Flipbug,http://posterous.com,62-(525)102-1674,sour patch,snickers,twix,2016-11-14T21:03:15Z
Christina,Alexander,calexandern@i2i.jp,37.226.129.176,Eazzy,https://skype.com,62-(296)437-6406,hard candy,snickers,kit kat,2016-06-11T09:09:04Z
Heather,Morris,hmorriso@gravatar.com,104.43.89.20,Edgepulse,https://time.com,86-(795)955-0179,hard candy,milky way,twix,2016-07-24T07:44:24Z
Albert,Baker,abakerp@squidoo.com,24.244.33.56,Pixope,http://cocolog-nifty.com,62-(992)262-9362,sour patch,milky way,twix,2015-12-21T02:33:07Z
Eric,Knight,eknightq@canalblog.com,224.170.182.128,Eabox,https://hc360.com,380-(710)884-3335,gum,1000 grand,skittles,2016-07-14T18:37:31Z
Daniel,Knight,dknightr@usa.gov,171.196.108.62,Roodel,http://umich.edu,33-(462)917-8724,twizzler,1000 grand,kit kat,2016-10-04T21:13:57Z
Lisa,Kelly,lkellys@parallels.com,225.21.160.11,Wordware,https://xing.com,998-(104)702-4357,sour patch,1000 grand,kit kat,2015-12-20T05:19:10Z
Richard,Lane,rlanet@yellowpages.com,141.190.206.206,Gigashots,https://redcross.org,353-(203)605-4194,twizzler,milky way,skittles,2016-11-13T00:21:32Z
Angela,Morales,amoralesu@cornell.edu,30.105.24.159,Yata,http://hugedomains.com,62-(349)183-4907,sour patch,1000 grand,skittles,2016-01-23T09:50:15Z
Deborah,Barnes,dbarnesv@abc.net.au,127.156.19.100,Janyx,http://washington.edu,81-(183)930-8843,sour patch,1000 grand,kit kat,2016-06-02T03:37:54Z
Marilyn,Richards,mrichardsw@hp.com,10.142.66.100,Skinix,http://over-blog.com,58-(123)119-8259,sour patch,1000 grand,skittles,2016-07-07T19:40:04Z
Kathleen,Hudson,khudsonx@wikia.com,2.15.111.210,Gigaclub,https://youtube.com,358-(664)174-2234,gum,snickers,twix,2015-12-19T22:16:17Z
Christine,Williamson,cwilliamsony@bluehost.com,53.201.231.0,Avamba,http://wikispaces.com,55-(939)678-0141,sour patch,1000 grand,kit kat,2016-01-22T10:50:50Z
Randy,Bennett,rbennettz@wsj.com,101.67.114.29,LiveZ,https://harvard.edu,86-(774)136-1369,twizzler,snickers,kit kat,2016-08-12T00:25:49Z
Frank,Schmidt,fschmidt10@jugem.jp,22.49.73.29,Skaboo,https://twitter.com,62-(838)442-3272,twizzler,snickers,twix,2016-05-07T03:52:14Z
Howard,Griffin,hgriffin11@examiner.com,225.138.233.24,JumpXS,https://angelfire.com,242-(232)702-3612,sour patch,snickers,kit kat,2015-12-04T20:36:56Z
Patricia,Hudson,phudson12@cisco.com,213.193.108.78,Skyble,https://disqus.com,380-(305)275-2299,twizzler,milky way,kit kat,2016-08-02T16:22:23Z
Carlos,Jacobs,cjacobs13@tamu.edu,69.122.7.40,Devbug,https://instagram.com,86-(283)190-9258,twizzler,snickers,skittles,2016-02-19T12:27:37Z
Steven,Moore,smoore14@e-recht24.de,34.142.96.133,Realbridge,https://yolasite.com,63-(288)788-8984,sour patch,1000 grand,skittles,2016-01-09T10:46:31Z
Christina,Mills,cmills15@wikipedia.org,147.73.69.185,Topiclounge,http://ftc.gov,46-(625)592-5835,gum,snickers,kit kat,2016-05-31T17:27:25Z
Teresa,Austin,taustin16@free.fr,146.65.111.227,Minyx,http://parallels.com,229-(269)723-6858,twizzler,1000 grand,skittles,2016-01-08T16:18:53Z
Carol,Rice,crice17@mlb.com,164.199.114.82,Skinte,http://is.gd,1-(407)792-9746,twizzler,milky way,kit kat,2016-11-04T13:24:21Z
Michelle,Castillo,mcastillo18@va.gov,160.72.79.237,Zoonder,http://bravesites.com,86-(586)532-4054,gum,snickers,twix,2016-07-30T07:23:21Z
Sean,Franklin,sfranklin19@answers.com,73.244.171.36,Mycat,https://eepurl.com,86-(509)765-2493,sour patch,snickers,twix,2016-07-13T05:58:05Z
Gary,Henderson,ghenderson1a@soup.io,210.111.250.56,Edgetag,http://zdnet.com,55-(581)588-4301,hard candy,milky way,kit kat,2016-02-12T05:02:53Z
Aaron,Larson,alarson1b@cbc.ca,69.154.55.180,Realbridge,https://yandex.ru,7-(388)674-3348,sour patch,milky way,kit kat,2016-08-21T20:49:41Z
Adam,Ward,award1c@mtv.com,164.42.157.172,Wikivu,http://guardian.co.uk,86-(602)293-4413,gum,milky way,twix,2016-11-14T07:18:36Z
Nicole,Wheeler,nwheeler1d@w3.org,177.117.78.137,Meevee,https://china.com.cn,351-(104)524-2423,twizzler,snickers,kit kat,2016-02-27T05:21:22Z
Russell,Graham,rgraham1e@deliciousdays.com,8.82.144.252,Skimia,https://soundcloud.com,30-(938)864-5842,sour patch,milky way,skittles,2016-04-27T15:07:57Z
Janet,Dunn,jdunn1f@imgur.com,90.83.81.189,Centimia,http://dropbox.com,54-(558)444-7878,gum,snickers,skittles,2016-11-20T12:43:06Z
Nancy,Owens,nowens1g@theguardian.com,179.51.40.226,Twimm,http://kickstarter.com,86-(867)214-8725,hard candy,milky way,twix,2016-07-19T11:07:31Z
Linda,Black,lblack1h@yelp.com,231.167.3.238,Dazzlesphere,http://opera.com,92-(624)186-2123,twizzler,milky way,skittles,2016-10-11T04:16:12Z
Carol,Clark,cclark1i@slate.com,239.88.198.84,Flipopia,http://tinypic.com,359-(220)201-3938,hard candy,1000 grand,kit kat,2016-09-15T08:34:43Z
Marie,Stewart,mstewart1j@netscape.com,48.96.55.1,Izio,https://edublogs.org,46-(976)711-0723,gum,snickers,kit kat,2016-02-24T00:18:59Z
Betty,Cruz,bcruz1k@sciencedaily.com,135.212.121.196,Feedfish,https://posterous.com,66-(163)688-3211,sour patch,snickers,skittles,2016-12-05T16:25:56Z
Carlos,Richardson,crichardson1l@tuttocitta.it,2.241.99.202,Jabbersphere,http://icio.us,86-(135)450-3806,twizzler,snickers,skittles,2016-04-20T07:32:54Z
Amanda,Banks,abanks1m@moonfruit.com,7.18.207.23,Flashdog,http://ted.com,504-(845)973-7890,twizzler,snickers,kit kat,2015-12-21T00:06:22Z
Robin,Harvey,rharvey1n@deviantart.com,250.87.77.228,Feedbug,http://google.com.hk,60-(832)668-7490,gum,milky way,kit kat,2016-09-21T14:15:23Z
Martin,Garcia,mgarcia1o@ovh.net,144.55.34.51,Twitterbeat,https://unicef.org,86-(104)223-1624,sour patch,milky way,twix,2016-02-27T19:56:03Z
Jeremy,Cole,jcole1p@seattletimes.com,91.218.48.131,LiveZ,http://soundcloud.com,359-(968)188-3312,sour patch,1000 grand,kit kat,2016-09-05T07:45:49Z
Douglas,Jackson,djackson1q@cafepress.com,11.156.131.143,Vitz,http://1688.com,48-(372)608-6226,twizzler,1000 grand,kit kat,2016-09-08T15:11:19Z
Jonathan,Rodriguez,jrodriguez1r@unicef.org,128.10.113.104,Jaloo,http://indiegogo.com,256-(489)505-8593,hard candy,snickers,kit kat,2016-07-09T16:40:07Z
Amanda,Hall,ahall1s@shop-pro.jp,140.62.56.118,Skinix,https://360.cn,56-(338)937-7326,hard candy,milky way,kit kat,2016-11-13T04:25:24Z
Joe,Reid,jreid1t@ehow.com,19.131.127.175,Bluezoom,http://toplist.cz,86-(921)929-7829,twizzler,1000 grand,twix,2016-06-18T09:06:09Z
Jeremy,Medina,jmedina1u@paypal.com,207.124.131.108,Edgewire,http://com.com,54-(452)408-7726,gum,milky way,kit kat,2016-02-06T09:45:19Z